Workbook

Sheet Dataset 1
A1: campaign_id | B1: ad_format | C1: ad_format2 | D1: ad_position | E1: ad_position2 | F1: deal_type | G1: deal_type2 | H1: auction_type | I1: auction_type2 | J1: creative_size | K1: creative_size2 | L1: segment | M1: creative_messaging | N1: ad_impressions | O1: measurable_impressions | P1: viewable_impressions | Q1: clicks | R1: conversions | S1: advertising_cost | T1: acquisition_cost | U1: Device | V1: app_url | W1: ad_exchange | X1: ad_exchange2
A2: AB99L | B2: 1 | C2: video | D2: 0 | E2: above the fold | F2: 2 | G2: open exchange | H2: 0 | I2: first price auction | J2: 0 | K2: 160x600 | L2: Technology | M2: Start Your Plan | N2: 291302 | O2: 232655 | P2: 63188 | Q2: 38017 | R2: 13138 | S2: 2102436.2 | T2: 1112400.1 | U2: {=XLOOKUP(A2,'Dataset 3'!B:B,'Dataset 3'!F:F)} -> Computer | V2: www.techcrunch.com | W2: 2 | X2: OpenX
A3: AC602J | B3: 3 | C3: rich media | D3: 2 | E3: sidebar | F3: 2 | G3: open exchange | H3: 0 | I3: first price auction | J3: 0 | K3: 160x600 | L3: Home | M3: Start Your Plan | N3: 288189 | O3: 894 | P3: 206 | Q3: 205 | R3: 154 | S3: 27656.927 | T3: 10637.28 | U3: {=XLOOKUP(A3,'Dataset 3'!B:B,'Dataset 3'!F:F)} -> Computer | V3: www.houzz.com | W3: 0 | X3: Google Ad Manager
A4: AE361W | B4: 0 | C4: display | D4: 0 | E4: above the fold | F4: 1 | G4: private marketplace | H4: 0 | I4: first price auction | J4: 0 | K4: 160x600 | L4: Technology | M4: Get Unlimited | N4: 229847 | O4: 24478 | P4: 14702 | Q4: 5030 | R4: 3701 | S4: 64569.737 | T4: 239147.17 | U4: {=XLOOKUP(A4,'Dataset 3'!B:B,'Dataset 3'!F:F)} -> Computer | V4: www.techcrunch.com | W4: 4 | X4: Taboola
A5: AE424W | B5: 3 | C5: rich media | D5: 2 | E5: sidebar | F5: 0 | G5: programmatic guaranteed | H5: 0 | I5: first price auction | J5: 0 | K5: 160x600 | L5: Fashion | M5: Start Your Plan | N5: 202766 | O5: 167778 | P5: 48493 | Q5: 17848 | R5: 13013 | S5: 1688554.2 | T5: 1089389.8 | U5: {=XLOOKUP(A5,'Dataset 3'!B:B,'Dataset 3'!F:F)} -> Computer | V5: www.harpersbazaar.com | W5: 3 | X5: PubMatic
A6: AF689B | B6: 1 | C6: video | D6: 3 | E6: footer | F6: 2 | G6: open exchange | H6: 0 | I6: first price auction | J6: 0 | K6: 160x600 | L6: Travel | M6: Switch & Save | N6: 112904 | O6: 13137 | P6: 7981 | Q6: 4103 | R6: 4079 | S6: 323817.47 | T6: 223322.4 | U6: {=XLOOKUP(A6,'Dataset 3'!B:B,'Dataset 3'!F:F)} -> Smartphone | V6: www.tripadvisor.com | W6: 4 | X6: Taboola
A7: AJ944G | B7: 2 | C7: native | D7: 3 | E7: footer | F7: 0 | G7: programmatic guaranteed | H7: 1 | I7: second price auction | J7: 0 | K7: 160x600 | L7: Fashion | M7: Start Your Plan | N7: 157198 | O7: 2241 | P7: 452 | Q7: 52 | R7: 23 | S7: 1500.2454 | T7: 1376.3719 | U7: {=XLOOKUP(A7,'Dataset 3'!B:B,'Dataset 3'!F:F)} -> Computer | V7: www.instyle.com | W7: 2 | X7: OpenX
A8: AK697A | B8: 3 | C8: rich media | D8: 0 | E8: above the fold | F8: 2 | G8: open exchange | H8: 0 | I8: first price auction | J8: 0 | K8: 160x600 | L8: Music | M8: Upgrade Today | N8: 254159 | O8: 54083 | P8: 10123 | Q8: 8075 | R8: 5183 | S8: 625703.2 | T8: 212824.22 | U8: {=XLOOKUP(A8,'Dataset 3'!B:B,'Dataset 3'!F:F)} -> Computer | V8: www.billboard.com | W8: 1 | X8: BidSwitch
A9: AM772V | B9: 0 | C9: display | D9: 2 | E9: sidebar | F9: 2 | G9: open exchange | H9: 1 | I9: second price auction | J9: 0 | K9: 160x600 | L9: Health | M9: Get Unlimited | N9: 175428 | O9: 93947 | P9: 39107 | Q9: 17312 | R9: 13097 | S9: 499017.88 | T9: 1188137.8 | U9: {=XLOOKUP(A9,'Dataset 3'!B:B,'Dataset 3'!F:F)} -> Computer | V9: www.verywellhealth.com | W9: 3 | X9: PubMatic
A10: AO499B | B10: 2 | C10: native | D10: 3 | E10: footer | F10: 0 | G10: programmatic guaranteed | H10: 0 | I10: first price auction | J10: 0 | K10: 160x600 | L10: Music | M10: Switch & Save | N10: 288368 | O10: 202377 | P10: 101327 | Q10: 70486 | R10: 67636 | S10: 5911705.1 | T10: 5231597.4 | U10: {=XLOOKUP(A10,'Dataset 3'!B:B,'Dataset 3'!F:F)} -> Computer | V10: www.thedailymusicreport.com | W10: 1 | X10: BidSwitch
A11: AO826O | B11: 1 | C11: video | D11: 2 | E11: sidebar | F11: 2 | G11: open exchange | H11: 1 | I11: second price auction | J11: 0 | K11: 160x600 | L11: Food | M11: Get Unlimited | N11: 173213 | O11: 137018 | P11: 14004 | Q11: 8209 | R11: 6791 | S11: 194980.15 | T11: 443136.7 | U11: {=XLOOKUP(A11,'Dataset 3'!B:B,'Dataset 3'!F:F)} -> #N/A | V11: www.epicurious.com | W11: 1 | X11: BidSwitch
A12: AO870X | B12: 1 | C12: video | D12: 2 | E12: sidebar | F12: 2 | G12: open exchange | H12: 1 | I12: second price auction | J12: 0 | K12: 160x600 | L12: Food | M12: Start Your Plan | N12: 257613 | O12: 257127 | P12: 177647 | Q12: 45955 | R12: 36183 | S12: 3117992.3 | T12: 1623954.3 | U12: {=XLOOKUP(A12,'Dataset 3'!B:B,'Dataset 3'!F:F)} -> Computer | V12: www.foodnetwork.com | W12: 2 | X12: OpenX
A13: AR398Q | B13: 2 | C13: native | D13: 0 | E13: above the fold | F13: 0 | G13: programmatic guaranteed | H13: 1 | I13: second price auction | J13: 0 | K13: 160x600 | L13: Sports | M13: Start Your Plan | N13: 92574 | O13: 61692 | P13: 15994 | Q13: 11932 | R13: 6135 | S13: 1111434.3 | T13: 558509.71 | U13: {=XLOOKUP(A13,'Dataset 3'!B:B,'Dataset 3'!F:F)} -> Tablet | V13: www.sports.yahoo.com | W13: 4 | X13: Taboola
... A3453: ZZ467Y | B3453: 2 | C3453: native | D3453: 2 | E3453: sidebar | F3453: 2 | G3453: open exchange | H3453: 1 | I3453: second price auction | J3453: 6 | K3453: 970x250 | L3453: Food | M3453: Switch & Save | N3453: 295122 | O3453: 32830 | P3453: 15826 | Q3453: 13648 | R3453: 2988 | S3453: 84572.696 | T3453: 111279.86 | U3453: {=XLOOKUP(A3453,'Dataset 3'!B:B,'Dataset 3'!F:F)} -> Smartphone | V3453: www.epicurious.com | W3453: 0 | X3453: Google Ad Manager

Sheet Device Conversion Rate
A15: With formulas:
A16: Conversions | B16: Above the Fold | C16: Sidebar | D16: Footer | E16: Below the Fold
A17: Desktop | B17: =B4/C4 -> 0.52889943 | C17: =H4/I4 -> 0.52273003 | D17: =F4/G4 -> 0.46943509 | E17: =D4/E4 -> 0.48377253
A18: Smartphones | B18: =B5/C5 -> 0.50247582 | C18: =H5/I5 -> 0.53508011 | D18: =F5/G5 -> 0.49566867 | E18: =D5/E5 -> 0.49009741
A19: Tablet | B19: =B6/C6 -> 0.50301393

Sheet Creative Positions Pivot Table
I1: Viewability Rate | J1: Cost per Conversion | K1: Cost per Click | L1: Cost Per Millie | M1: Viewable CPM | N1: Click-Through Rate | O1: Measurable Click-Through Rate | P1: Desktop Conversion Rate | Q1: Smartphone Conversion Rate
I2: =MULTIPLY((D2/C2),100) -> 49.831939 | J2: =DIVIDE(G2,F2) -> 96.382344 | K2: =$G2:$G10/$E2:$E10 -> 48.882458 | L2: =(G2/B2) * 1000 -> 6197.6318 | M2: =$G2/$D2 -> 24.825572 | N2: =$E2/$B2 -> 0.12678642 | O2: =$E2/$C2 -> 0.25307778 | P2: 0.5289 | Q2: 50.25
A4: footer | B4: 162268637 | C4: 80208713 | D4: 40510977 | E4: 19556242 | F4: 9742275 | G4: 8.5465966e+08 | H4: 6.2317602e+08 | I4: 0.51 | J4: $87.73 | K4: $43.70 | L4: 10655 | M4: 21000 | N4: 0.24 | O4: 0.24 | P4: 0.47861777 | Q4: 0.45172605
A5: below the fold | B5: 150685430 | C5: 75011036 | D5: 36296299 | E5: 19012563 | F5: 9412353 | G5: 8.6728859e+08 | H5: 6.0756784e+08 | I5: 0.4839 | J5: $92.14 | K5: $45.62 | L5: 11562.15 | M5: 23894.68 | N5: 0.2535 | O5: 0.2535 | P5: 0.4838 | Q5: 0.4901

Sheet Final Creative Positions Pivot 
I3: Viewability Rate | J3: Cost per Conversion | K3: Cost per Click | L3: Cost Per Millie | M3: Viewable CPM | N3: Click-Through Rate | O3: Measurable Click-Through Rate | P3: Desktop Conversion Rate | Q3: Smartphone Conversion Rate | R3: CPCV
I4: =MULTIPLY((D4/C4),100) -> 49.831939 | J4: =DIVIDE(G4,F4) -> 96.382344 | K4: =$G4:$G13/$E4:$E13 -> 48.882458 | L4: =(G4/B4) * 1000 -> 6197.6318 | M4: =$G4/$D4 -> 24.825572 | N4: =$E4/$B4 -> 0.12678642 | O4: =$E4/$C4 -> 0.25307778 | P4: 0.5289 | Q4: 50.25 | R4: =G4/F4 -> 96.382344
I5: =MULTIPLY((D5/C5),100) -> 48.387945 | J5: =DIVIDE(G5,F5) -> 92.143653 | K5: =$G5:$G14/$E5:$E14 -> 45.616606 | L5: =(G5/B5) * 1000 -> 5755.6234 | M5: =$G5/$D5 -> 23.894684 | N5: =$E5/$B5 -> 0.12617386 | O5: =$E5/$C5 -> 0.25346354 | P5: 0.4838 | Q5: 0.4901 | R5: =G5/F5 -> 92.143653
I6: =MULTIPLY((D6/C6),100) -> 50.506953 | J6: =DIVIDE(G6,F6) -> 87.726908 | K6: =$G6:$G15/$E6:$E15 -> 43.702653 | L6: =(G6/B6) * 1000 -> 5266.943 | M6: =$G6/$D6 -> 21.09699 | N6: =$E6/$B6 -> 0.12051769 | O6: =$E6/$C6 -> 0.24381693 | P6: 0.47861777 | Q6: 0.45172605 | R6: =G6/F6 -> 87.726908
I7: =MULTIPLY((D7/C7),100) -> 48.868781 | J7: =DIVIDE(G7,F7) -> 91.530458 | K7: =$G7:$G16/$E7:$E16 -> 47.994005 | L7: =(G7/B7) * 1000 -> 5874.7745 | M7: =$G7/$D7 -> 24.186068 | N7: =$E7/$B7 -> 0.12240642 | O7: =$E7/$C7 -> 0.24626902 | P7: 0.52273003 | Q7: 0.53508011 | R7: =G7/F7 -> 91.530458
I8: =SUM(I4:I7) -> 197.59562 | J8: =SUM(J4:J7) -> 367.78336 | K8: =SUM(K4:K7) -> 186.19572 | L8: =SUM(L4:L7) -> 23094.973 | M8: =SUM(M4:M7) -> 94.003314 | N8: =SUM(N4:N7) -> 0.4958844 | O8: =SUM(O4:O7) -> 0.99662727 | P8: =SUM(P4:P7) -> 2.0140478 | Q8: =SUM(Q4:Q7) -> 51.726906
A11: Without formula, numbers only
A13: Conversions | B13: Above the Fold | C13: Sidebar | D13: Footer | E13: Below the Fold | M13: Conversions | N13: Above the Fold | O13: Sidebar | P13: Footer | Q13: Below the Fold
A14: Desktop | B14: 0.52889943 | C14: 0.52273003 | D14: 0.46943509 | E14: 0.48377253 | M14: Desktop | N14: 0.52889943 | O14: 0.52273003 | P14: 0.46943509 | Q14: 0.49009741
A15: Smartphones | B15: 0.50247582 | C15: 0.53508011 | D15: 0.49566867 | E15: 0.49009741 | M15: Smartphones | N15: 0.50247582 | O15: 0.53508011 | P15: 0.49566867
A16: Tablet | B16: 0.50301393 | M16: Tablet | N16: 0.50301393
K20: Cost Per Conversion (CPCV) = Ad Cost/Conversion

Sheet Draft Final Creative Positions 
I1: Viewability Rate | J1: Cost per Conversion | K1: Cost per Click | L1: Cost Per Millie | M1: Viewable CPM | N1: Click-Through Rate | O1: Measurable Click-Through Rate | P1: Desktop Conversion Rate | Q1: Smartphone Conversion Rate
I2: =MULTIPLY((D2/C2),100) -> 49.831939 | J2: =DIVIDE(G2,F2) -> 96.382344 | K2: =$G2:$G11/$E2:$E11 -> 48.882458 | L2: =(G2/B2) * 1000 -> 6197.6318 | M2: =$G2/$D2 -> 24.825572 | N2: =$E2/$B2 -> 0.12678642 | O2: =$E2/$C2 -> 0.25307778 | P2: 0.5289 | Q2: 50.25
A4: footer | B4: 162268637 | C4: 80208713 | D4: 40510977 | E4: 19556242 | F4: 9742275 | G4: 8.5465966e+08 | H4: 6.2317602e+08 | I4: 0.51 | J4: $87.73 | K4: $43.70 | L4: 10655 | M4: 21000 | N4: 0.24 | O4: 0.24 | P4: 0.47861777 | Q4: 0.45172605
A5: below the fold | B5: 150685430 | C5: 75011036 | D5: 36296299 | E5: 19012563 | F5: 9412353 | G5: 8.6728859e+08 | H5: 6.0756784e+08 | I5: 0.4839 | J5: $92.14 | K5: $45.62 | L5: 11562.15 | M5: 23894.68 | N5: 0.2535 | O5: 0.2535 | P5: 0.4838 | Q5: 0.4901
I9: Viewability Rate | J9: Cost per Conversion | K9: Cost per Click | L9: Cost Per Millie | M9: Viewable CPM | N9: Click-Through Rate | O9: Measurable Click-Through Rate | P9: Desktop Conversion Rate | Q9: Smartphone Conversion Rate
I10: =MULTIPLY((D10/C10),100) -> 49.831939 | J10: =DIVIDE(G10,F10) -> 96.382344 | K10: =$G10:$G19/$E10:$E19 -> 48.882458 | L10: =(G10/B10) * 1000 -> 6197.6318 | M10: =(G10/$D10) * 1000 -> 24825.572 | N10: =$E10/$B10 -> 0.12678642 | O10: =$E10/$C10 -> 0.25307778 | P10: 0.5289 | Q10: 50.25
I11: =MULTIPLY((D11/C11),100) -> 48.387945 | J11: =DIVIDE(G11,F11) -> 92.143653 | K11: =$G11:$G20/$E11:$E20 -> 45.616606 | L11: =(G11/B11) * 1000 -> 5755.6234 | M11: =(G11/$D11) * 1000 -> 23894.684 | N11: =$E11/$B11 -> 0.12617386 | O11: =$E11/$C11 -> 0.25346354 | P11: 0.4838 | Q11: 0.4901
I12: =MULTIPLY((D12/C12),100) -> 50.506953 | J12: =DIVIDE(G12,F12) -> 87.726908 | K12: =$G12:$G21/$E12:$E21 -> 43.702653 | L12: =(G12/B12) * 1000 -> 5266.943 | M12: =(G12/$D12) * 1000 -> 21096.99 | N12: =$E12/$B12 -> 0.12051769 | O12: =$E12/$C12 -> 0.24381693 | P12: 0.47861777 | Q12: 0.45172605
I13: =MULTIPLY((D13/C13),100) -> 48.868781 | J13: =DIVIDE(G13,F13) -> 91.530458 | K13: =$G13:$G22/$E13:$E22 -> 47.994005 | L13: =(G13/B13) * 1000 -> 5874.7745 | M13: =(G13/$D13) * 1000 -> 24186.068 | N13: =$E13/$B13 -> 0.12240642 | O13: =$E13/$C13 -> 0.24626902 | P13: 0.52273003 | Q13: 0.53508011
I14: =SUM(I10:I13) -> 197.59562 | J14: =SUM(J10:J13) -> 367.78336 | K14: =SUM(K10:K13) -> 186.19572 | L14: =SUM(L10:L13) -> 23094.973 | M14: =(G14/$D14) * 1000 -> 23435.223 | N14: =SUM(N10:N13) -> 0.4958844 | O14: =SUM(O10:O13) -> 0.99662727 | P14: =SUM(P10:P13) -> 2.0140478 | Q14: =SUM(Q10:Q13) -> 51.726906
A17: Without formula, numbers only
A19: Conversions | B19: Above the Fold | C19: Sidebar | D19: Footer | E19: Below the Fold | M19: Conversions | N19: Above the Fold | O19: Sidebar | P19: Footer | Q19: Below the Fold
A20: Desktop | B20: 0.52889943 | C20: 0.52273003 | D20: 0.46943509 | E20: 0.48377253 | M20: Desktop | N20: 0.52889943 | O20: 0.52273003 | P20: 0.46943509 | Q20: 0.48377253
A21: Smartphones | B21: 0.50247582 | C21: 0.53508011 | D21: 0.49566867 | E21: 0.49009741 | M21: Smartphones | N21: 0.50247582 | O21: 0.53508011 | P21: 0.49566867 | Q21: 0.49009741
A22: Tablet | B22: 0.50301393 | M22: Tablet | N22: 0.50301393

Sheet BL Devices Pivot
I1: Conversion Rate | J1: Viewability Rate | K1: Cost per Click (CPC) | L1: Cost per Conversion (CPCV) | M1: Cost Per Millie | N1: Viewable CPM | O1: Click-Through Rate | P1: Measurable Click-Through Rate
I2: =C2/B2 -> 0.4989789 | J2: =G2/F2 -> 0.49952949 | K2: =D2/B2 -> 47.613851 | L2: =D2/C2 -> 95.422574 | M2: =(D2/F2)*1000 -> 12484.569 | N2: =(D2/G2)*1000 -> 24992.657 | O2: =B2/H2 -> 0.13211135 | P2: =B2/F2 -> 0.26220456
I3: =C3/B3 -> 0.50456172 | J3: =G3/F3 -> 0.49927642 | K3: =D3/B3 -> 44.378222 | L3: =D3/C3 -> 87.954001 | M3: =(D3/F3)*1000 -> 10764.773 | N3: =(D3/G3)*1000 -> 21560.749 | O3: =B3/H3 -> 0.12211574 | P3: =B3/F3 -> 0.24256883
I4: =C4/B4 -> 0.51735837 | J4: =G4/F4 -> 0.48780023 | K4: =D4/B4 -> 47.208825 | L4: =D4/C4 -> 91.249756 | M4: =(D4/F4)*1000 -> 11733.996 | N4: =(D4/G4)*1000 -> 24054.92 | O4: =B4/H4 -> 0.12261333 | P4: =B4/F4 -> 0.24855513
I5: =C5/B5 -> 0.48004318 | J5: =G5/F5 -> 0.47300116 | K5: =D5/B5 -> 46.896423 | L5: =D5/C5 -> 97.692092 | M5: =(D5/F5)*1000 -> 9854.2369 | N5: =(D5/G5)*1000 -> 20833.431 | O5: =B5/H5 -> 0.095562807 | P5: =B5/F5 -> 0.21012769
I6: =C6/B6 -> 0.50568495 | J6: =G6/F6 -> 0.49428386 | K6: =D6/B6 -> 46.497456 | L6: =D6/C6 -> 91.949455 | M6: =(D6/F6)*1000 -> 11583.652 | N6: =(D6/G6)*1000 -> 23435.223 | O6: =B6/H6 -> 0.12393394 | P6: =B6/F6 -> 0.24912443
A10: Click Through Rate (CTR) = Clicks/Impressions (We’ll do the formula for measurable impressions) Cost Per Millie (CPM) = Total Ad Spend/Total Ad Impressions (We’ll do the formula for measurable impressions for now and expand as needed) Cost Per Click (CPC) = Ad Cost/Clicks Cost Per Conversion (CPCV) = Ad Cost/Conversion Viewability Rate = Sum of viewable impressions/sum of measurable
A12: CPC = Cost ÷ Clicks
A13: CTR% = (Clicks ÷ Imps) x 100
A14: CPM = (Total Cost / Total Impressions) * 1,000
A15: CPCV = Total Ad cost / Conversions
A16: Desktop Visitor Conversion Rate = (Conversions/Clicks) x 100
A17: Viewable CPM (vCPM) = (Total Ad Spend / Number of Viewable Impressions) x 1000
A18: Viewability Rate = Viewability Rate (%) = (Viewable Impressions ÷ Measurable Impressions) × 100.

Sheet Creative Sizes Overview
I1: Viewability Rate | J1: Cost per Conversion | K1: Cost per Click | L1: Cost Per Millie | M1: Viewable CPM | N1: Click-Through Rate | O1: Measurable Click-Through Rate | P1: Conversion Rate
I2: =MULTIPLY((D2/C2),100) -> 48.700435 | J2: =DIVIDE(G2,F2) -> 91.932019 | K2: =$G2:$G8/$E2:$E8 -> 45.080385 | L2: =(G2/B2) * 1000 -> 5381.3935 | M2: =($G2/$D2) * 1000 -> 23159.31 | N2: =$E2/$B2 -> 0.11937328 | O2: =$E2/$C2 -> 0.25019051 | P2: =$F2/$E2 -> 0.49036652
I3: =MULTIPLY((D3/C3),100) -> 49.571951 | J3: =DIVIDE(G3,F3) -> 99.405795 | K3: =$G3:G9/$E3:E9 -> 49.299845 | L3: =(G3/B3) * 1000 -> 6110.3767 | M3: =($G3/$D3) * 1000 -> 24293.13 | N3: =$E3/$B3 -> 0.12394312 | O3: =$E3/$C3 -> 0.24427213 | P3: =$F3/$E3 -> 0.49594538
I4: =MULTIPLY((D4/C4),100) -> 49.757331 | J4: =DIVIDE(G4,F4) -> 86.83704 | K4: =$G4:G10/$E4:E10 -> 42.543951 | L4: =(G4/B4) * 1000 -> 5315.5306 | M4: =($G4/$D4) * 1000 -> 21594.643 | N4: =$E4/$B4 -> 0.1249421 | O4: =$E4/$C4 -> 0.25256043 | P4: =$F4/$E4 -> 0.48992861
I5: =MULTIPLY((D5/C5),100) -> 47.355668 | J5: =DIVIDE(G5,F5) -> 88.584796 | K5: =$G5:G11/$E5:E11 -> 44.665075 | L5: =(G5/B5) * 1000 -> 5529.2945 | M5: =($G5/$D5) * 1000 -> 22625.333 | N5: =$E5/$B5 -> 0.12379459 | O5: =$E5/$C5 -> 0.23988268 | P5: =$F5/$E5 -> 0.504207
I6: =MULTIPLY((D6/C6),100) -> 49.455538 | J6: =DIVIDE(G6,F6) -> 100.72644 | K6: =$G6:G12/$E6:E12 -> 54.803432 | L6: =(G6/B6) * 1000 -> 6449.3159 | M6: =($G6/$D6) * 1000 -> 26277.243 | N6: =$E6/$B6 -> 0.11768088 | O6: =$E6/$C6 -> 0.23713026 | P6: =$F6/$E6 -> 0.5440819
I7: =MULTIPLY((D7/C7),100) -> 51.147549 | J7: =DIVIDE(G7,F7) -> 81.017509 | K7: =$G7:G13/$E7:E13 -> 40.402994 | L7: =(G7/B7) * 1000 -> 5108.3017 | M7: =($G7/$D7) * 1000 -> 20307.178 | N7: =$E7/$B7 -> 0.12643374 | O7: =$E7/$C7 -> 0.2570756 | P7: =$F7/$E7 -> 0.4986946
I8: =MULTIPLY((D8/C8),100) -> 50.120027 | J8: =DIVIDE(G8,F8) -> 94.552173 | K8: =$G8:G14/$E8:E14 -> 48.878662 | L8: =(G8/B8) * 1000 -> 6461.6308 | M8: =($G8/$D8) * 1000 -> 25827.051 | N8: =$E8/$B8 -> 0.13219737 | O8: =$E8/$C8 -> 0.26482977 | P8: =$F8/$E8 -> 0.51694912

Sheet Dataset 2
A1: userid | B1: gender | C1: Gender2 | D1: age | E1: income | F1: income 2 | G1: education_level | H1: Education Level2 | I1: occupation | J1: marital_status | K1: Marital Status2 | L1: family_size | M1: Family Size2 | N1: country | O1: state | P1: region | Q1: urbanicity | R1: urbanicity2
A2: GHWDS3987G | B2: 1 | C2: Male | D2: 60 | E2: 42974 | F2: Low-income | G2: 1 | H2: College graduate | I2: Self-Employed | J2: 2 | K2: Divorced | L2: 2 | M2: Household with children | N2: USA | O2: Alabama | P2: South | Q2: 1 | R2: Suburban
A3: CAIJO6982W | B3: 0 | C3: Female | D3: 52 | E3: 60055 | F3: Low-income | G3: 1 | H3: College graduate | I3: Laborer | J3: 0 | K3: Single | L3: 0 | M3: Single-person household | N3: USA | O3: Alabama | P3: South | Q3: 0 | R3: Urban
A4: NLKSS0537O | B4: 1 | C4: Male | D4: 44 | E4: 84762 | F4: Middle-income | G4: 2 | H4: Postgraduate | I4: Laborer | J4: 0 | K4: Single | L4: 0 | M4: Single-person household | N4: USA | O4: Alabama | P4: South | Q4: 0 | R4: Urban
A5: KWMZR9307E | B5: 1 | C5: Male | D5: 18 | E5: 109497 | F5: High-income | G5: 1 | H5: College graduate | I5: Student | J5: 3 | K5: Widowed | L5: 1 | M5: Two-person household | N5: USA | O5: Alabama | P5: South | Q5: 1 | R5: Suburban
A6: QBDAO3819C | B6: 1 | C6: Male | D6: 57 | E6: 41586 | F6: Low-income | G6: 0 | H6: High school graduate | I6: Unemployed | J6: 3 | K6: Widowed | L6: 0 | M6: Single-person household | N6: USA | O6: Alaska | P6: West | Q6: 0 | R6: Urban
A7: MVCOH0824A | B7: 2 | C7: Non-binary | D7: 32 | E7: 72095 | F7: Middle-income | G7: 0 | H7: High school graduate | I7: Unemployed | J7: 1 | K7: Married | L7: 2 | M7: Household with children | N7: USA | O7: Alaska | P7: West | Q7: 0 | R7: Urban
A8: FXAUJ8518N | B8: 2 | C8: Non-binary | D8: 64 | E8: 73251 | F8: Middle-income | G8: 2 | H8: Postgraduate | I8: Laborer | J8: 0 | K8: Single | L8: 0 | M8: Single-person household | N8: USA | O8: Alaska | P8: West | Q8: 1 | R8: Suburban
A9: DUWUZ3879B | B9: 2 | C9: Non-binary | D9: 45 | E9: 85431 | F9: Middle-income | G9: 1 | H9: College graduate | I9: Self-Employed | J9: 2 | K9: Divorced | L9: 2 | M9: Household with children | N9: USA | O9: Alaska | P9: West | Q9: 0 | R9: Urban
A10: ZGRKQ2330Q | B10: 1 | C10: Male | D10: 29 | E10: 86346 | F10: Middle-income | G10: 1 | H10: College graduate | I10: Self-Employed | J10: 0 | K10: Single | L10: 1 | M10: Two-person household | N10: USA | O10: Alaska | P10: West | Q10: 0 | R10: Urban
A11: BOVRE6166D | B11: 1 | C11: Male | D11: 24 | E11: 93753 | F11: Middle-income | G11: 1 | H11: College graduate | I11: Self-Employed | J11: 2 | K11: Divorced | L11: 1 | M11: Two-person household | N11: USA | O11: Alaska | P11: West | Q11: 2 | R11: Rural
A12: AFVEW7259V | B12: 0 | C12: Female | D12: 19 | E12: 97457 | F12: Middle-income | G12: 0 | H12: High school graduate | I12: Unemployed | J12: 1 | K12: Married | L12: 1 | M12: Two-person household | N12: USA | O12: Alaska | P12: West | Q12: 0 | R12: Urban
A13: VHBQM9298A | B13: 2 | C13: Non-binary | D13: 21 | E13: 108092 | F13: High-income | G13: 0 | H13: High school graduate | I13: Unemployed | J13: 2 | K13: Divorced | L13: 2 | M13: Household with children | N13: USA | O13: Alaska | P13: West | Q13: 1 | R13: Suburban
... A395: CCMDV8590B | B395: 2 | C395: Non-binary | D395: 54 | E395: 134271 | F395: High-income | G395: 2 | H395: Postgraduate | I395: Homemaker | J395: 2 | K395: Divorced | L395: 0 | M395: Single-person household | N395: USA | O395: Wyoming | P395: West | Q395: 0 | R395: Urban

Sheet Detail5-300x600
A1: campaign_id | B1: ad_format | C1: ad_format2 | D1: ad_position | E1: ad_position2 | F1: deal_type | G1: deal_type2 | H1: auction_type | I1: auction_type2 | J1: creative_size | K1: creative_size2 | L1: segment | M1: creative_messaging | N1: ad_impressions | O1: measurable_impressions | P1: viewable_impressions | Q1: clicks | R1: conversions | S1: advertising_cost | T1: acquisition_cost | U1: app_url | V1: ad_exchange | W1: ad_exchange2
A2: AC34M | B2: 2 | C2: native | D2: 0 | E2: above the fold | F2: 0 | G2: programmatic guaranteed | H2: 1 | I2: second price auction | J2: 3 | K2: 300x600 | L2: Home | M2: Upgrade Today | N2: 244762 | O2: 58204 | P2: 48152 | Q2: 25219 | R2: 1863 | S2: 357141.07 | T2: 129869.48 | U2: www.architecturaldigest.com | V2: 0 | W2: Google Ad Manager
A3: AD962J | B3: 3 | C3: rich media | D3: 3 | E3: footer | F3: 0 | G3: programmatic guaranteed | H3: 0 | I3: first price auction | J3: 3 | K3: 300x600 | L3: Travel | M3: Get Unlimited | N3: 140109 | O3: 100267 | P3: 34111 | Q3: 18882 | R3: 12150 | S3: 1416111 | T3: 769625.56 | U3: www.expedia.com | V3: 2 | W3: OpenX
A4: AF315J | B4: 0 | C4: display | D4: 1 | E4: below the fold | F4: 1 | G4: private marketplace | H4: 1 | I4: second price auction | J4: 3 | K4: 300x600 | L4: Home | M4: Fast WiFi Now | N4: 58431 | O4: 40371 | P4: 30406 | Q4: 2034 | R4: 1389 | S4: 152800.97 | T4: 59687.878 | U4: www.architecturaldigest.com | V4: 3 | W4: PubMatic
A5: AI101L | B5: 2 | C5: native | D5: 3 | E5: footer | F5: 0 | G5: programmatic guaranteed | H5: 0 | I5: first price auction | J5: 3 | K5: 300x600 | L5: Music | M5: Switch & Save | N5: 62738 | O5: 46584 | P5: 41296 | Q5: 17269 | R5: 11003 | S5: 622580.17 | T5: 707477.46 | U5: www.pitchfork.com | V5: 3 | W5: PubMatic
A6: AJ155A | B6: 3 | C6: rich media | D6: 2 | E6: sidebar | F6: 1 | G6: private marketplace | H6: 0 | I6: first price auction | J6: 3 | K6: 300x600 | L6: Sports | M6: Get Unlimited | N6: 154317 | O6: 91307 | P6: 79108 | Q6: 18253 | R6: 16109 | S6: 1725660.7 | T6: 1092190.3 | U6: www.sports.yahoo.com | V6: 0 | W6: Google Ad Manager
A7: AJ687Y | B7: 2 | C7: native | D7: 1 | E7: below the fold | F7: 2 | G7: open exchange | H7: 1 | I7: second price auction | J7: 3 | K7: 300x600 | L7: Sports | M7: Upgrade Today | N7: 113485 | O7: 10491 | P7: 3915 | Q7: 2567 | R7: 1881 | S7: 251578.95 | T7: 178424.79 | U7: www.nbcsports.com | V7: 2 | W7: OpenX
A8: AL551T | B8: 1 | C8: video | D8: 1 | E8: below the fold | F8: 2 | G8: open exchange | H8: 0 | I8: first price auction | J8: 3 | K8: 300x600 | L8: Food | M8: Switch & Save | N8: 137646 | O8: 112860 | P8: 25034 | Q8: 11883 | R8: 3686 | S8: 373880.67 | T8: 165433.92 | U8: www.food52.com | V8: 2 | W8: OpenX
A9: AL575V | B9: 0 | C9: display | D9: 0 | E9: above the fold | F9: 2 | G9: open exchange | H9: 1 | I9: second price auction | J9: 3 | K9: 300x600 | L9: Food | M9: Upgrade Today | N9: 157802 | O9: 117316 | P9: 292 | Q9: 279 | R9: 215 | S9: 4564.0386 | T9: 8007.0852 | U9: www.epicurious.com | V9: 2 | W9: OpenX
A10: AL645Y | B10: 1 | C10: video | D10: 3 | E10: footer | F10: 2 | G10: open exchange | H10: 1 | I10: second price auction | J10: 3 | K10: 300x600 | L10: Technology | M10: Switch & Save | N10: 111927 | O10: 26648 | P10: 7989 | Q10: 2773 | R10: 856 | S10: 84750.084 | T10: 39236.15 | U10: www.cnet.com | V10: 1 | W10: BidSwitch
A11: AN183X | B11: 2 | C11: native | D11: 0 | E11: above the fold | F11: 1 | G11: private marketplace | H11: 0 | I11: first price auction | J11: 3 | K11: 300x600 | L11: Travel | M11: Switch & Save | N11: 52735 | O11: 22870 | P11: 22089 | Q11: 13756 | R11: 3183 | S11: 100507.49 | T11: 125634.37 | U11: www.expedia.com | V11: 0 | W11: Google Ad Manager
A12: AQ896X | B12: 3 | C12: rich media | D12: 3 | E12: footer | F12: 1 | G12: private marketplace | H12: 0 | I12: first price auction | J12: 3 | K12: 300x600 | L12: Food | M12: Switch & Save | N12: 124744 | O12: 29635 | P12: 11153 | Q12: 1465 | R12: 655 | S12: 103616.84 | T12: 41281.609 | U12: www.food52.com | V12: 0 | W12: Google Ad Manager
A13: AR347D | B13: 2 | C13: native | D13: 0 | E13: above the fold | F13: 1 | G13: private marketplace | H13: 1 | I13: second price auction | J13: 3 | K13: 300x600 | L13: Technology | M13: Switch & Save | N13: 232584 | O13: 207607 | P13: 106698 | Q13: 17948 | R13: 12750 | S13: 751828.06 | T13: 1002437.4 | U13: www.cnet.com | V13: 3 | W13: PubMatic
... A491: ZX844F | B491: 0 | C491: display | D491: 3 | E491: footer | F491: 0 | G491: programmatic guaranteed | H491: 0 | I491: first price auction | J491: 3 | K491: 300x600 | L491: Music | M491: Upgrade Today | N491: 193723 | O491: 102927 | P491: 20641 | Q491: 20092 | R491: 13591 | S491: 591298.14 | T491: 441267.27 | U491: www.pitchfork.com | V491: 4 | W491: Taboola

Sheet Dataset 3
A1: userid | B1: campaign_id | C1: ad_view_date | D1: ad_view_time | E1: device_used | F1: device used2
A2: QJILN9863C | B2: AA621W | C2: 45741 | D2: 0.80763889 | E2: 1 | F2: Smartphone
A3: RBSGA7004R | B3: AA621W | C3: 45841 | D3: 0.95486111 | E3: 1 | F3: Smartphone
A4: QHITZ9494L | B4: AA621W | C4: 45897 | D4: 0.30347222 | E4: 0 | F4: Computer
A5: KKJWH4872N | B5: AA939L | C5: 45615 | D5: 0.35625 | E5: 2 | F5: Tablet
A6: HLJNE7285M | B6: AA939L | C6: 45638 | D6: 0.66666667 | E6: 2 | F6: Tablet
A7: NEVIL2703R | B7: AA939L | C7: 45649 | D7: 0.65486111 | E7: 0 | F7: Computer
A8: IRQNI6706E | B8: AA939L | C8: 45677 | D8: 0.56805556 | E8: 2 | F8: Tablet
A9: SUFSP9679F | B9: AA939L | C9: 45870 | D9: 0.43402778 | E9: 0 | F9: Computer
A10: FTNPU0651I | B10: AA939L | C10: 45901 | D10: 0.26319444 | E10: 2 | F10: Tablet
A11: UDUHN9584C | B11: AB171F | C11: 45671 | D11: 0.27083333 | E11: 1 | F11: Smartphone
A12: OTGIK7426Q | B12: AB171F | C12: 45698 | D12: 0.73402778 | E12: 0 | F12: Computer
A13: BUOPO8343I | B13: AB171F | C13: 45761 | D13: 0.20694444 | E13: 2 | F13: Tablet
... A10001: VHBIW6905R | B10001: ZZ78W | C10001: 45906 | D10001: 0.11458333 | E10001: 0 | F10001: Computer
